sale_id,name,product,category,quantity_sold,sale_date,unit_price,total_price,customer_age_group,customer_gender,payment_method
1,Morgan_Wilson,Camera,Electronics,1,2022-04-01 20:32:59,1000,1000,56+,Female,Credit Card
2,Jamie_Miller,Laptop,Groceries,5,2022-02-03 08:51:17,850,4250,26-35,Male,Cash
3,Jamie_Williams,Gloves,Clothing,4,2022-07-10 13:28:06,150,600,46-55,Male,Credit Card
4,Morgan_Wilson,Smartphone,Groceries,1,2022-09-27 14:43:06,1000,1000,36-45,Female,Cash
5,Jordan_Rodriguez,Watch,Accessories,2,2022-05-08 03:14:15,200,400,56+,Male,Cash
6,Casey_Rodriguez,Backpack,Groceries,5,2022-08-09 06:30:40,100,500,26-35,Female,Credit Card
7,Casey_Garcia,Water Bottle,Groceries,1,2022-03-16 14:58:22,200,200,56+,Male,Credit Card
8,Jordan_Wilson,T-shirt,Stationery,5,2022-12-10 17:26:26,700,3500,18-25,Female,Online Wallet
9,Taylor_Brown,Notebook,Clothing,2,2022-06-13 09:52:28,100,200,26-35,Male,Cash
10,Jamie_Garcia,Sneakers,Groceries,2,2022-10-18 03:37:52,650,1300,56+,Male,Cash
11,Taylor_Williams,Sneakers,Electronics,5,2022-07-02 09:29:43,250,1250,26-35,Male,Online Wallet
12,Jordan_Smith,Dress,Stationery,5,2022-09-19 13:31:50,800,4000,36-45,Female,Cash
13,Peyton_Miller,Scarf,Electronics,3,2022-05-11 16:35:03,700,2100,56+,Female,Credit Card
14,Quinn_Williams,Pen,Clothing,1,2022-11-24 12:24:16,600,600,46-55,Female,Credit Card
15,Alex_Wilson,Water Bottle,Groceries,1,2022-07-14 13:20:23,250,250,56+,Male,Credit Card
16,Taylor_Miller,Jeans,Accessories,4,2022-07-31 07:40:11,550,2200,26-35,Female,Credit Card
17,Peyton_Garcia,Desk Lamp,Accessories,1,2022-03-21 08:55:57,250,250,18-25,Female,Online Wallet
18,Riley_Davis,Umbrella,Clothing,2,2022-05-22 13:09:28,500,1000,46-55,Female,Cash
19,Jordan_Johnson,Backpack,Groceries,3,2022-08-12 08:19:57,100,300,18-25,Male,Cash
20,Jordan_Williams,Jeans,Stationery,1,2022-09-21 08:26:07,100,100,46-55,Male,Online Wallet
21,Morgan_Smith,Gloves,Groceries,1,2022-11-17 21:36:50,100,100,26-35,Female,Cash
22,Alex_Rodriguez,Sunglasses,Stationery,1,2022-08-13 10:06:41,150,150,46-55,Female,Cash
23,Peyton_Davis,Notebook,Clothing,2,2022-10-06 03:39:01,650,1300,46-55,Male,Cash
24,Alex_Smith,Desk Lamp,Clothing,2,2022-08-02 04:59:26,200,400,26-35,Male,Credit Card
25,Riley_Johnson,Smartphone,Groceries,5,2022-09-24 10:15:42,500,2500,36-45,Male,Credit Card
26,Alex_Jones,Sunglasses,Clothing,5,2022-08-29 19:37:00,850,4250,26-35,Male,Cash
27,Morgan_Wilson,Sunglasses,Groceries,4,2022-12-21 06:28:31,200,800,56+,Female,Online Wallet
28,Peyton_Jones,Laptop,Accessories,5,2022-03-25 19:00:16,550,2750,26-35,Male,Credit Card
29,Taylor_Wilson,Pen,Accessories,4,2022-07-29 12:33:31,950,3800,26-35,Female,Cash
30,Jordan_Smith,Watch,Clothing,3,2022-12-11 10:26:34,100,300,18-25,Female,Credit Card
31,Peyton_Brown,Backpack,Electronics,4,2022-09-03 02:13:28,400,1600,36-45,Male,Credit Card
32,Jordan_Smith,Pen,Stationery,3,2022-10-09 23:02:46,250,750,56+,Male,Online Wallet
33,Morgan_Garcia,Backpack,Clothing,3,2022-01-14 22:25:37,450,1350,18-25,Female,Credit Card
34,Morgan_Smith,Sneakers,Stationery,1,2022-02-25 19:01:25,1000,1000,46-55,Female,Online Wallet
35,Alex_Miller,Watch,Accessories,5,2022-01-12 18:25:11,150,750,18-25,Female,Online Wallet
36,Jordan_Garcia,Hat,Stationery,3,2022-09-24 19:38:11,200,600,26-35,Male,Online Wallet
37,Avery_Jones,Laptop,Accessories,1,2022-01-15 06:53:06,300,300,56+,Male,Online Wallet
38,Jordan_Smith,Sneakers,Accessories,1,2022-06-20 09:30:20,200,200,18-25,Male,Cash
39,Casey_Wilson,Pen,Accessories,3,2022-05-17 17:53:37,250,750,36-45,Male,Credit Card
40,Quinn_Rodriguez,Backpack,Electronics,3,2022-04-20 12:03:04,700,2100,46-55,Female,Cash
41,Taylor_Davis,Scarf,Clothing,4,2022-03-01 05:47:58,800,3200,36-45,Female,Online Wallet
42,Morgan_Johnson,Camera,Accessories,1,2022-10-24 22:11:04,550,550,36-45,Female,Online Wallet
43,Quinn_Jones,Hat,Accessories,1,2022-05-07 15:06:58,400,400,36-45,Female,Credit Card
44,Morgan_Johnson,Sunglasses,Stationery,4,2022-10-21 01:47:18,600,2400,36-45,Female,Online Wallet
45,Quinn_Miller,Headphones,Electronics,4,2022-10-20 07:22:42,200,800,56+,Male,Online Wallet
46,Jordan_Williams,Pen,Stationery,5,2022-09-04 10:14:16,800,4000,56+,Male,Cash
47,Jamie_Brown,Notebook,Accessories,5,2022-07-10 00:59:26,850,4250,56+,Female,Cash
48,Jamie_Davis,Gloves,Groceries,1,2022-11-14 00:28:31,850,850,46-55,Male,Online Wallet
49,Taylor_Rodriguez,Desk Lamp,Stationery,3,2022-11-09 20:55:41,700,2100,36-45,Female,Credit Card
50,Jordan_Garcia,Dress,Stationery,4,2022-05-18 10:29:29,1000,4000,36-45,Male,Cash
51,Casey_Brown,Charger,Clothing,3,2022-06-03 22:30:38,100,300,36-45,Female,Credit Card
52,Morgan_Williams,Backpack,Stationery,4,2022-03-18 00:45:40,850,3400,26-35,Female,Online Wallet
53,Avery_Rodriguez,Sneakers,Stationery,4,2022-09-20 17:36:45,650,2600,46-55,Female,Cash
54,Riley_Johnson,Smartphone,Accessories,2,2022-01-26 12:13:46,350,700,18-25,Male,Online Wallet
55,Morgan_Miller,Scarf,Electronics,5,2022-11-17 16:38:20,100,500,56+,Female,Cash
56,Jamie_Williams,Watch,Stationery,4,2022-09-23 21:18:09,300,1200,56+,Female,Credit Card
57,Avery_Rodriguez,Gloves,Clothing,1,2022-02-19 15:50:00,950,950,56+,Male,Online Wallet
58,Morgan_Garcia,Backpack,Groceries,4,2022-07-02 16:24:52,150,600,36-45,Male,Credit Card
59,Alex_Jones,Desk Lamp,Accessories,1,2022-05-06 21:50:09,650,650,26-35,Male,Cash
60,Alex_Brown,Gloves,Accessories,5,2022-10-18 12:41:58,1000,5000,26-35,Female,Credit Card
61,Jamie_Smith,T-shirt,Stationery,4,2022-06-12 12:08:27,850,3400,56+,Male,Credit Card
62,Morgan_Jones,Jeans,Accessories,4,2022-04-11 15:21:18,950,3800,36-45,Female,Online Wallet
63,Riley_Smith,Smartphone,Electronics,3,2022-05-01 15:41:54,900,2700,26-35,Male,Cash
64,Quinn_Johnson,Watch,Stationery,2,2022-07-31 03:53:26,100,200,26-35,Male,Online Wallet
65,Avery_Brown,Camera,Clothing,4,2022-07-03 10:26:19,500,2000,46-55,Female,Credit Card
66,Peyton_Smith,Dress,Groceries,4,2022-08-30 10:10:00,250,1000,26-35,Female,Credit Card
67,Peyton_Rodriguez,Charger,Clothing,1,2022-03-07 18:35:35,700,700,26-35,Male,Credit Card
68,Taylor_Johnson,Notebook,Electronics,1,2022-08-30 13:31:01,650,650,56+,Female,Cash
69,Jordan_Miller,Umbrella,Stationery,5,2022-12-01 12:43:21,900,4500,56+,Male,Online Wallet
70,Morgan_Davis,Sneakers,Clothing,2,2022-10-27 02:15:34,400,800,36-45,Male,Online Wallet
71,Quinn_Johnson,Water Bottle,Clothing,1,2022-11-26 11:08:59,950,950,56+,Male,Online Wallet
72,Riley_Johnson,Gloves,Electronics,5,2022-10-02 01:11:20,200,1000,56+,Female,Online Wallet
73,Riley_Wilson,Water Bottle,Stationery,3,2022-04-25 08:23:14,150,450,26-35,Female,Cash
74,Morgan_Johnson,Desk Lamp,Clothing,5,2022-02-28 18:48:02,450,2250,26-35,Male,Online Wallet
75,Riley_Jones,Gloves,Accessories,5,2022-12-10 02:04:35,950,4750,18-25,Female,Online Wallet
76,Jordan_Miller,Jeans,Accessories,3,2022-04-29 22:33:15,1000,3000,46-55,Male,Credit Card
77,Jordan_Wilson,Notebook,Stationery,3,2022-09-11 17:25:24,950,2850,26-35,Male,Online Wallet
78,Riley_Wilson,Laptop,Groceries,4,2022-12-04 10:01:54,100,400,46-55,Male,Online Wallet
79,Quinn_Rodriguez,Backpack,Electronics,3,2022-10-26 21:08:04,700,2100,56+,Female,Credit Card
80,Peyton_Miller,Backpack,Accessories,4,2022-12-16 10:20:08,350,1400,56+,Male,Cash
81,Morgan_Davis,Headphones,Electronics,5,2022-12-17 00:46:57,150,750,26-35,Female,Online Wallet
82,Alex_Johnson,Smartphone,Accessories,4,2022-10-01 20:18:59,500,2000,56+,Male,Cash
83,Avery_Jones,Pen,Clothing,5,2022-08-30 18:49:12,950,4750,36-45,Female,Online Wallet
84,Jordan_Wilson,Water Bottle,Electronics,2,2022-05-05 09:38:33,250,500,18-25,Female,Online Wallet
85,Alex_Brown,Headphones,Accessories,4,2022-08-24 00:20:55,600,2400,36-45,Male,Credit Card
86,Avery_Williams,Sunglasses,Stationery,1,2022-05-25 20:31:55,950,950,26-35,Male,Cash
87,Alex_Rodriguez,Laptop,Groceries,5,2022-06-09 23:42:32,500,2500,46-55,Male,Cash
88,Riley_Davis,Pen,Accessories,1,2022-07-30 05:23:52,800,800,26-35,Male,Online Wallet
89,Riley_Brown,Laptop,Clothing,3,2022-05-29 22:29:41,250,750,46-55,Female,Credit Card
90,Jordan_Rodriguez,Laptop,Accessories,3,2022-02-20 12:46:59,550,1650,46-55,Male,Credit Card
91,Avery_Wilson,Laptop,Groceries,1,2022-04-10 05:45:16,550,550,26-35,Male,Online Wallet
92,Casey_Brown,Camera,Electronics,3,2022-06-16 14:18:35,600,1800,18-25,Male,Credit Card
93,Taylor_Brown,Watch,Clothing,5,2022-06-14 20:05:14,950,4750,18-25,Female,Cash
94,Peyton_Rodriguez,Backpack,Accessories,5,2022-03-08 04:58:56,1000,5000,46-55,Male,Credit Card
95,Alex_Johnson,Notebook,Clothing,3,2022-10-06 15:12:29,450,1350,36-45,Male,Cash
96,Jordan_Davis,Scarf,Stationery,4,2022-12-02 16:15:51,150,600,46-55,Female,Cash
97,Riley_Jones,Water Bottle,Groceries,3,2022-02-21 02:13:50,600,1800,56+,Female,Credit Card
98,Alex_Garcia,Laptop,Clothing,2,2022-07-25 10:49:40,100,200,26-35,Female,Online Wallet
99,Jamie_Wilson,Smartphone,Accessories,1,2022-10-21 23:46:16,700,700,26-35,Female,Online Wallet
100,Avery_Miller,T-shirt,Stationery,4,2022-07-29 20:10:04,250,1000,46-55,Male,Online Wallet
101,Morgan_Rodriguez,Sunglasses,Stationery,1,2022-07-30 00:16:00,700,700,46-55,Male,Cash
102,Avery_Garcia,Notebook,Groceries,5,2022-11-09 07:46:36,700,3500,56+,Female,Cash
103,Jamie_Wilson,Headphones,Accessories,3,2022-08-11 16:20:14,100,300,26-35,Male,Online Wallet
104,Quinn_Johnson,Water Bottle,Accessories,3,2022-02-04 13:56:09,500,1500,56+,Female,Cash
105,Jamie_Wilson,Headphones,Stationery,4,2022-02-17 08:50:25,350,1400,46-55,Female,Online Wallet
106,Riley_Smith,Notebook,Stationery,5,2022-06-20 01:57:47,150,750,56+,Male,Online Wallet
107,Taylor_Williams,Sneakers,Clothing,5,2022-05-21 01:43:35,600,3000,26-35,Female,Cash
108,Taylor_Brown,Scarf,Accessories,2,2022-03-10 23:50:29,850,1700,56+,Male,Cash
109,Peyton_Jones,Charger,Electronics,1,2022-01-21 21:00:21,800,800,46-55,Female,Online Wallet
110,Alex_Davis,Hat,Groceries,5,2022-09-17 14:02:56,250,1250,56+,Female,Credit Card
111,Quinn_Miller,Umbrella,Clothing,3,2022-04-04 02:44:12,750,2250,56+,Male,Cash
112,Morgan_Davis,Laptop,Electronics,4,2022-11-26 10:17:18,300,1200,36-45,Male,Online Wallet
113,Jordan_Rodriguez,Hat,Clothing,4,2022-07-07 18:00:55,450,1800,26-35,Female,Online Wallet
114,Jamie_Miller,Sunglasses,Stationery,5,2022-01-10 09:25:40,450,2250,36-45,Male,Cash
115,Quinn_Williams,Dress,Accessories,3,2022-12-10 16:00:42,700,2100,46-55,Female,Cash
116,Quinn_Johnson,Watch,Clothing,3,2022-08-22 08:22:35,700,2100,56+,Male,Online Wallet
117,Avery_Miller,Camera,Accessories,4,2022-05-03 14:00:12,100,400,46-55,Female,Online Wallet
118,Casey_Jones,Sneakers,Stationery,1,2022-03-14 01:28:44,900,900,18-25,Female,Online Wallet
119,Peyton_Johnson,Charger,Electronics,3,2022-03-11 21:33:17,950,2850,18-25,Female,Cash
120,Avery_Garcia,Smartphone,Electronics,2,2022-01-27 10:04:25,850,1700,26-35,Female,Credit Card
121,Riley_Davis,Scarf,Clothing,5,2022-01-05 07:35:13,500,2500,26-35,Male,Cash
122,Riley_Miller,Sunglasses,Accessories,5,2022-03-03 20:08:44,550,2750,56+,Female,Credit Card
123,Morgan_Jones,T-shirt,Accessories,5,2022-05-09 11:53:19,600,3000,26-35,Male,Cash
124,Peyton_Williams,Headphones,Groceries,1,2022-10-27 14:46:54,350,350,26-35,Female,Online Wallet
125,Avery_Johnson,Dress,Accessories,2,2022-08-29 08:05:55,800,1600,46-55,Female,Online Wallet
126,Casey_Rodriguez,Sneakers,Electronics,4,2022-07-23 04:10:22,250,1000,46-55,Male,Cash
127,Jamie_Rodriguez,Hat,Accessories,5,2022-10-11 00:08:15,750,3750,18-25,Female,Online Wallet
128,Jamie_Jones,Jeans,Clothing,3,2022-08-22 07:26:43,950,2850,46-55,Female,Cash
129,Avery_Miller,Backpack,Groceries,3,2022-08-09 18:47:31,750,2250,36-45,Female,Cash
130,Riley_Rodriguez,Sneakers,Groceries,4,2022-03-27 13:38:35,250,1000,26-35,Male,Credit Card
131,Jamie_Miller,Gloves,Accessories,4,2022-07-01 11:04:33,550,2200,18-25,Female,Credit Card
132,Jamie_Brown,Notebook,Stationery,5,2022-02-23 02:19:32,700,3500,26-35,Female,Credit Card
133,Morgan_Rodriguez,Laptop,Groceries,3,2022-12-17 20:24:48,150,450,46-55,Male,Credit Card
134,Riley_Garcia,T-shirt,Groceries,1,2022-09-19 19:17:02,300,300,36-45,Male,Cash
135,Avery_Williams,Umbrella,Electronics,2,2022-07-23 08:21:15,800,1600,46-55,Female,Credit Card
136,Quinn_Brown,Hat,Clothing,4,2022-08-12 02:23:56,300,1200,36-45,Male,Credit Card
137,Alex_Johnson,Scarf,Accessories,4,2022-08-23 21:50:18,100,400,18-25,Male,Credit Card
138,Morgan_Davis,Hat,Accessories,1,2022-06-27 22:32:03,950,950,26-35,Male,Credit Card
139,Taylor_Smith,Hat,Groceries,4,2022-03-30 04:13:37,850,3400,56+,Male,Credit Card
140,Quinn_Rodriguez,Scarf,Electronics,5,2022-07-16 23:49:54,450,2250,46-55,Male,Credit Card
141,Peyton_Rodriguez,Watch,Clothing,2,2022-10-16 16:48:58,800,1600,36-45,Male,Cash
142,Jordan_Wilson,Camera,Accessories,1,2022-08-20 20:01:04,300,300,26-35,Male,Online Wallet
143,Riley_Garcia,T-shirt,Accessories,3,2022-07-07 09:34:55,550,1650,36-45,Male,Credit Card
144,Taylor_Wilson,Gloves,Groceries,1,2022-06-04 10:08:47,800,800,56+,Male,Credit Card
145,Alex_Davis,Backpack,Electronics,2,2022-07-12 02:13:05,350,700,36-45,Female,Online Wallet
146,Casey_Davis,Gloves,Groceries,1,2022-11-26 04:26:24,800,800,46-55,Female,Cash
147,Jamie_Williams,Water Bottle,Clothing,3,2022-11-14 22:49:34,550,1650,56+,Female,Online Wallet
148,Casey_Miller,Gloves,Clothing,5,2022-06-29 18:17:56,200,1000,26-35,Male,Online Wallet
149,Peyton_Smith,Sunglasses,Accessories,2,2022-07-10 02:05:45,900,1800,46-55,Male,Online Wallet
150,Taylor_Johnson,Camera,Stationery,3,2022-01-29 23:39:27,100,300,18-25,Female,Online Wallet
151,Avery_Rodriguez,Notebook,Electronics,3,2022-12-23 23:14:24,650,1950,46-55,Female,Online Wallet
152,Alex_Garcia,Sneakers,Stationery,4,2022-09-12 19:10:51,1000,4000,26-35,Female,Cash
153,Quinn_Miller,Sunglasses,Clothing,5,2022-01-09 03:53:36,800,4000,36-45,Male,Cash
154,Avery_Rodriguez,Sunglasses,Accessories,2,2022-07-21 21:10:13,350,700,46-55,Male,Cash
155,Morgan_Jones,Sneakers,Accessories,4,2022-03-28 04:47:38,800,3200,56+,Male,Online Wallet
156,Morgan_Davis,Jeans,Groceries,3,2022-12-13 16:33:56,450,1350,36-45,Male,Cash
157,Avery_Jones,T-shirt,Accessories,1,2022-02-17 15:02:50,800,800,56+,Male,Online Wallet
158,Alex_Miller,Watch,Accessories,1,2022-12-27 09:52:14,350,350,56+,Male,Cash
159,Riley_Miller,T-shirt,Groceries,5,2022-07-01 11:19:13,850,4250,26-35,Female,Credit Card
160,Taylor_Rodriguez,Dress,Electronics,2,2022-07-29 23:32:48,600,1200,56+,Female,Online Wallet
161,Morgan_Rodriguez,Umbrella,Electronics,3,2022-10-03 00:50:56,350,1050,18-25,Female,Credit Card
162,Alex_Garcia,Jeans,Groceries,5,2022-01-05 06:43:57,400,2000,56+,Male,Online Wallet
163,Avery_Wilson,Laptop,Accessories,3,2022-06-23 11:57:05,150,450,26-35,Male,Credit Card
164,Riley_Williams,Hat,Accessories,1,2022-09-23 07:39:55,800,800,56+,Male,Cash
165,Jamie_Smith,Charger,Accessories,3,2022-11-21 10:55:05,800,2400,26-35,Male,Cash
166,Casey_Williams,Watch,Stationery,3,2022-06-23 20:04:56,250,750,46-55,Female,Online Wallet
167,Alex_Brown,Headphones,Accessories,1,2022-05-29 18:38:45,250,250,56+,Female,Online Wallet
168,Avery_Garcia,Camera,Stationery,1,2022-07-18 16:28:44,950,950,26-35,Male,Online Wallet
169,Morgan_Johnson,Laptop,Clothing,2,2022-04-17 04:57:00,800,1600,18-25,Male,Credit Card
170,Avery_Brown,Sneakers,Accessories,1,2022-06-16 13:26:57,550,550,56+,Male,Cash
171,Taylor_Smith,Camera,Stationery,3,2022-10-23 00:11:38,250,750,46-55,Female,Online Wallet
172,Peyton_Jones,Dress,Accessories,5,2022-10-03 23:27:51,950,4750,18-25,Male,Credit Card
173,Taylor_Rodriguez,Dress,Clothing,3,2022-05-03 20:32:38,750,2250,18-25,Female,Credit Card
174,Quinn_Jones,Backpack,Accessories,3,2022-05-18 18:49:05,500,1500,26-35,Female,Credit Card
175,Jamie_Jones,Gloves,Stationery,4,2022-05-07 12:35:27,450,1800,26-35,Male,Credit Card
176,Jamie_Miller,Dress,Groceries,3,2022-11-30 23:16:50,250,750,56+,Male,Online Wallet
177,Taylor_Johnson,Desk Lamp,Groceries,1,2022-05-08 22:13:24,800,800,18-25,Female,Credit Card
178,Casey_Williams,Gloves,Electronics,3,2022-09-14 06:04:06,950,2850,26-35,Female,Cash
179,Casey_Williams,Charger,Groceries,3,2022-01-28 16:22:22,450,1350,46-55,Female,Credit Card
180,Riley_Davis,Pen,Groceries,4,2022-09-27 01:18:48,600,2400,56+,Male,Credit Card
181,Casey_Johnson,Watch,Electronics,5,2022-04-06 02:44:56,200,1000,46-55,Female,Online Wallet
182,Alex_Smith,Scarf,Electronics,4,2022-07-15 13:06:51,800,3200,18-25,Female,Cash
183,Quinn_Jones,Sneakers,Stationery,2,2022-03-16 23:26:18,800,1600,56+,Female,Credit Card
184,Taylor_Smith,Headphones,Accessories,2,2022-05-05 14:47:06,1000,2000,46-55,Female,Online Wallet
185,Riley_Johnson,T-shirt,Stationery,4,2022-09-03 00:37:59,450,1800,18-25,Male,Cash
186,Jamie_Davis,Backpack,Clothing,2,2022-12-04 14:59:26,300,600,36-45,Male,Cash
187,Riley_Miller,Charger,Groceries,3,2022-05-21 06:48:54,800,2400,18-25,Female,Cash
188,Casey_Johnson,Scarf,Clothing,5,2022-04-24 12:23:42,400,2000,56+,Male,Cash
189,Quinn_Wilson,Desk Lamp,Clothing,3,2022-07-05 17:51:51,850,2550,56+,Male,Cash
190,Casey_Williams,Hat,Stationery,3,2022-09-14 02:02:36,650,1950,36-45,Female,Online Wallet
191,Avery_Johnson,Notebook,Groceries,4,2022-05-08 09:28:03,950,3800,46-55,Male,Online Wallet
192,Taylor_Brown,Watch,Clothing,3,2022-04-29 09:30:59,450,1350,36-45,Male,Credit Card
193,Quinn_Williams,T-shirt,Groceries,3,2022-01-19 17:56:51,400,1200,46-55,Male,Credit Card
194,Taylor_Williams,Jeans,Stationery,5,2022-08-19 10:25:38,250,1250,46-55,Female,Credit Card
195,Jordan_Jones,Watch,Clothing,1,2022-09-14 19:55:26,150,150,26-35,Female,Online Wallet
196,Alex_Miller,Smartphone,Accessories,4,2022-10-29 15:45:43,300,1200,56+,Female,Cash
197,Alex_Miller,Desk Lamp,Accessories,2,2022-05-27 00:07:35,500,1000,26-35,Male,Online Wallet
198,Morgan_Jones,Pen,Electronics,2,2022-05-12 19:51:29,450,900,46-55,Male,Cash
199,Peyton_Williams,Smartphone,Stationery,2,2022-02-24 16:01:06,150,300,56+,Female,Online Wallet
200,Casey_Brown,Camera,Groceries,2,2022-04-06 00:32:57,1000,2000,36-45,Female,Credit Card
201,Casey_Rodriguez,Camera,Stationery,3,2022-04-25 18:16:39,500,1500,36-45,Male,Online Wallet
202,Alex_Johnson,Notebook,Electronics,4,2022-08-28 05:59:32,450,1800,46-55,Female,Online Wallet
203,Alex_Wilson,Sneakers,Groceries,5,2022-08-09 07:22:28,450,2250,46-55,Female,Online Wallet
204,Alex_Jones,Backpack,Clothing,3,2022-12-24 02:36:56,450,1350,56+,Male,Cash
205,Riley_Smith,Laptop,Electronics,2,2022-06-30 07:03:54,900,1800,26-35,Male,Online Wallet
206,Riley_Smith,Laptop,Stationery,4,2022-06-08 11:05:03,350,1400,36-45,Female,Cash
207,Peyton_Johnson,Charger,Clothing,2,2022-03-20 20:38:17,950,1900,56+,Male,Cash
208,Peyton_Williams,Scarf,Groceries,2,2022-09-24 03:47:25,400,800,18-25,Male,Cash
209,Taylor_Brown,Scarf,Stationery,1,2022-04-03 13:00:30,500,500,46-55,Male,Online Wallet
210,Casey_Wilson,T-shirt,Electronics,2,2022-12-03 11:51:43,600,1200,26-35,Male,Credit Card
211,Alex_Wilson,Charger,Accessories,2,2022-04-09 04:20:42,1000,2000,26-35,Female,Online Wallet
212,Taylor_Garcia,Jeans,Clothing,4,2022-12-27 04:42:33,700,2800,26-35,Female,Credit Card
213,Avery_Johnson,Dress,Stationery,2,2022-03-13 20:07:40,350,700,46-55,Male,Online Wallet
214,Jordan_Brown,Camera,Groceries,1,2022-07-30 05:02:10,850,850,26-35,Female,Credit Card
215,Peyton_Miller,Laptop,Accessories,4,2022-05-14 13:35:45,750,3000,18-25,Female,Cash
216,Taylor_Williams,Camera,Electronics,3,2022-02-24 21:59:31,850,2550,18-25,Male,Credit Card
217,Taylor_Garcia,Sneakers,Electronics,1,2022-08-03 12:14:33,450,450,56+,Male,Cash
218,Taylor_Smith,Jeans,Groceries,2,2022-08-17 06:38:24,450,900,18-25,Female,Online Wallet
219,Taylor_Davis,Smartphone,Stationery,3,2022-03-19 10:33:23,550,1650,56+,Female,Credit Card
220,Casey_Johnson,Notebook,Accessories,1,2022-10-13 10:44:37,300,300,26-35,Female,Cash
221,Alex_Johnson,Watch,Electronics,3,2022-05-28 05:23:33,300,900,18-25,Female,Cash
222,Taylor_Davis,Water Bottle,Stationery,2,2022-03-13 07:05:27,650,1300,18-25,Female,Cash
223,Alex_Wilson,Dress,Groceries,2,2022-10-07 08:27:24,400,800,46-55,Male,Online Wallet
224,Jordan_Davis,Sneakers,Electronics,4,2022-12-10 06:37:02,800,3200,18-25,Male,Credit Card
225,Quinn_Garcia,Headphones,Groceries,2,2022-06-17 13:57:39,1000,2000,26-35,Male,Cash
226,Peyton_Smith,Headphones,Electronics,1,2022-06-25 02:11:48,700,700,56+,Female,Credit Card
227,Casey_Jones,Sneakers,Stationery,3,2022-12-07 10:42:44,1000,3000,18-25,Male,Cash
228,Casey_Davis,Hat,Accessories,5,2022-07-07 07:33:56,700,3500,26-35,Female,Online Wallet
229,Peyton_Smith,Water Bottle,Electronics,3,2022-01-21 14:10:07,250,750,56+,Female,Credit Card
230,Peyton_Smith,Dress,Clothing,2,2022-09-11 01:28:10,350,700,56+,Female,Cash
231,Avery_Davis,Backpack,Accessories,5,2022-06-26 00:01:08,650,3250,36-45,Male,Online Wallet
232,Casey_Davis,Scarf,Stationery,2,2022-01-02 11:20:41,350,700,56+,Male,Online Wallet
233,Quinn_Williams,Jeans,Accessories,2,2022-05-23 09:16:31,850,1700,56+,Male,Credit Card
234,Alex_Williams,Pen,Groceries,3,2022-10-24 04:34:57,550,1650,46-55,Female,Online Wallet
235,Riley_Johnson,Watch,Groceries,1,2022-11-04 08:13:57,650,650,56+,Female,Credit Card
236,Quinn_Wilson,Pen,Electronics,5,2022-06-21 19:59:13,1000,5000,56+,Female,Cash
237,Avery_Williams,Hat,Clothing,4,2022-03-20 21:39:56,350,1400,36-45,Female,Online Wallet
238,Riley_Miller,Pen,Accessories,3,2022-12-27 03:56:26,150,450,56+,Female,Online Wallet
239,Casey_Smith,Camera,Clothing,3,2022-03-06 07:27:03,900,2700,18-25,Female,Cash
240,Jordan_Williams,Desk Lamp,Electronics,3,2022-10-02 18:06:04,200,600,18-25,Female,Credit Card
241,Avery_Davis,Dress,Electronics,3,2022-10-10 08:16:54,200,600,46-55,Male,Credit Card
242,Alex_Wilson,Laptop,Stationery,4,2022-07-26 01:29:37,450,1800,36-45,Male,Online Wallet
243,Morgan_Brown,Dress,Electronics,1,2022-07-05 13:50:46,200,200,18-25,Male,Cash
244,Alex_Wilson,Dress,Accessories,4,2022-05-29 15:29:18,350,1400,46-55,Male,Cash
245,Riley_Johnson,Pen,Electronics,2,2022-11-16 00:31:56,600,1200,18-25,Male,Credit Card
246,Avery_Miller,Desk Lamp,Clothing,4,2022-11-06 10:33:45,750,3000,26-35,Male,Cash
247,Riley_Brown,Sunglasses,Stationery,4,2022-08-30 09:30:22,400,1600,36-45,Female,Online Wallet
248,Jamie_Williams,Sunglasses,Stationery,1,2022-08-16 03:27:53,600,600,46-55,Female,Cash
249,Alex_Davis,Headphones,Groceries,1,2022-07-24 03:05:36,850,850,26-35,Female,Online Wallet
250,Avery_Jones,Jeans,Accessories,5,2022-07-05 04:39:24,700,3500,18-25,Female,Online Wallet
251,Alex_Garcia,Umbrella,Accessories,3,2022-07-12 17:48:09,350,1050,46-55,Female,Online Wallet
252,Quinn_Garcia,Dress,Stationery,3,2022-07-28 17:53:42,250,750,18-25,Male,Credit Card
253,Riley_Garcia,Watch,Stationery,4,2022-06-09 04:16:43,250,1000,56+,Male,Online Wallet
254,Alex_Johnson,Desk Lamp,Clothing,4,2022-03-08 18:01:11,1000,4000,56+,Male,Cash
255,Peyton_Jones,Pen,Stationery,1,2022-11-16 23:47:10,850,850,26-35,Male,Online Wallet
256,Alex_Johnson,Desk Lamp,Stationery,5,2022-02-06 15:17:32,950,4750,26-35,Female,Cash
257,Casey_Wilson,Dress,Electronics,4,2022-08-02 11:28:32,500,2000,26-35,Female,Cash
258,Quinn_Miller,Hat,Accessories,2,2022-11-22 17:31:01,750,1500,18-25,Male,Online Wallet
259,Avery_Miller,Sneakers,Accessories,4,2022-03-29 11:31:30,800,3200,18-25,Female,Online Wallet
260,Avery_Wilson,Sneakers,Clothing,1,2022-06-24 05:45:37,800,800,36-45,Male,Online Wallet
261,Quinn_Johnson,Notebook,Groceries,3,2022-03-06 04:56:45,800,2400,36-45,Male,Cash
262,Casey_Jones,Gloves,Groceries,3,2022-01-17 19:21:12,500,1500,36-45,Male,Credit Card
263,Peyton_Smith,Sunglasses,Stationery,4,2022-02-05 06:13:17,700,2800,56+,Male,Credit Card
264,Quinn_Miller,Laptop,Stationery,2,2022-05-17 16:27:11,850,1700,36-45,Female,Cash
265,Taylor_Brown,Laptop,Clothing,1,2022-09-24 10:22:56,750,750,36-45,Female,Cash
266,Morgan_Wilson,Backpack,Accessories,5,2022-03-06 15:03:52,900,4500,46-55,Female,Online Wallet
267,Taylor_Miller,Umbrella,Accessories,2,2022-10-20 02:36:40,100,200,56+,Male,Cash
268,Morgan_Davis,Scarf,Clothing,4,2022-03-01 16:14:22,400,1600,36-45,Female,Credit Card
269,Peyton_Rodriguez,Laptop,Clothing,4,2022-03-08 10:47:35,450,1800,18-25,Male,Cash
270,Riley_Johnson,Backpack,Stationery,5,2022-11-30 04:44:40,450,2250,56+,Male,Cash
271,Jordan_Wilson,Water Bottle,Groceries,2,2022-09-27 15:17:56,600,1200,46-55,Female,Online Wallet
272,Casey_Rodriguez,Jeans,Clothing,4,2022-07-23 11:56:13,650,2600,36-45,Male,Online Wallet
273,Avery_Johnson,Sneakers,Clothing,1,2022-11-01 18:34:58,150,150,26-35,Male,Online Wallet
274,Jordan_Brown,Headphones,Groceries,4,2022-11-08 21:32:48,250,1000,46-55,Female,Cash
275,Casey_Rodriguez,Sneakers,Electronics,2,2022-08-02 05:20:46,850,1700,46-55,Male,Online Wallet
276,Quinn_Rodriguez,Headphones,Clothing,5,2022-12-07 15:53:58,900,4500,36-45,Male,Cash
277,Taylor_Johnson,Scarf,Groceries,1,2022-01-31 22:51:58,1000,1000,56+,Female,Credit Card
278,Taylor_Davis,Smartphone,Stationery,5,2022-05-27 20:59:37,900,4500,26-35,Female,Credit Card
279,Peyton_Brown,Scarf,Clothing,3,2022-12-30 05:37:49,200,600,56+,Male,Online Wallet
280,Casey_Wilson,Umbrella,Groceries,4,2022-11-15 23:21:50,950,3800,26-35,Male,Cash
281,Casey_Williams,Desk Lamp,Electronics,1,2022-10-27 11:57:29,800,800,26-35,Male,Online Wallet
282,Jamie_Smith,Water Bottle,Stationery,5,2022-11-27 07:17:36,600,3000,26-35,Male,Credit Card
283,Casey_Miller,Pen,Clothing,1,2022-01-17 05:52:44,850,850,56+,Female,Credit Card
284,Morgan_Brown,Charger,Electronics,3,2022-02-21 14:53:37,300,900,26-35,Male,Credit Card
285,Peyton_Brown,Desk Lamp,Electronics,3,2022-03-02 04:30:16,650,1950,18-25,Female,Cash
286,Quinn_Wilson,Dress,Clothing,4,2022-03-18 12:33:06,300,1200,46-55,Male,Credit Card
287,Jordan_Miller,Jeans,Groceries,3,2022-08-22 21:17:45,250,750,26-35,Female,Cash
288,Casey_Wilson,Sunglasses,Clothing,3,2022-08-09 23:55:00,350,1050,46-55,Male,Cash
289,Alex_Rodriguez,Sneakers,Accessories,5,2022-11-05 03:49:21,600,3000,36-45,Female,Online Wallet
290,Morgan_Williams,Desk Lamp,Groceries,5,2022-09-29 06:31:27,450,2250,56+,Female,Credit Card
291,Jamie_Wilson,Scarf,Electronics,1,2022-11-11 20:13:52,800,800,26-35,Female,Credit Card
292,Avery_Davis,Headphones,Groceries,2,2022-07-16 17:18:20,450,900,26-35,Male,Cash
293,Casey_Wilson,Umbrella,Clothing,5,2022-09-23 05:52:54,750,3750,26-35,Male,Online Wallet
294,Jordan_Johnson,Hat,Electronics,2,2022-10-02 14:41:23,400,800,56+,Female,Online Wallet
295,Morgan_Williams,Jeans,Stationery,2,2022-07-02 14:40:42,200,400,36-45,Male,Online Wallet
296,Riley_Johnson,Smartphone,Stationery,4,2022-11-18 07:31:56,150,600,56+,Female,Cash
297,Morgan_Miller,Sneakers,Electronics,4,2022-06-07 17:29:05,800,3200,36-45,Female,Credit Card
298,Riley_Miller,Sneakers,Clothing,1,2022-07-23 21:58:41,800,800,18-25,Female,Credit Card
299,Riley_Smith,Umbrella,Groceries,3,2022-06-07 08:40:36,700,2100,36-45,Male,Online Wallet
300,Alex_Miller,Camera,Accessories,1,2022-05-13 00:36:24,650,650,26-35,Female,Online Wallet
301,Casey_Jones,Gloves,Groceries,1,2022-12-07 13:40:52,900,900,46-55,Female,Cash
302,Avery_Davis,Headphones,Stationery,1,2022-07-26 18:16:04,300,300,18-25,Male,Credit Card
303,Alex_Wilson,Water Bottle,Groceries,2,2022-09-25 23:02:01,800,1600,36-45,Female,Cash
304,Alex_Jones,Sunglasses,Accessories,1,2022-07-19 13:21:35,300,300,26-35,Female,Cash
305,Morgan_Jones,Pen,Stationery,1,2022-06-23 03:36:47,750,750,46-55,Female,Online Wallet
306,Quinn_Miller,Jeans,Accessories,5,2022-06-16 06:27:46,1000,5000,36-45,Male,Cash
307,Riley_Miller,Laptop,Electronics,4,2022-07-07 07:19:09,1000,4000,26-35,Female,Cash
308,Alex_Rodriguez,Scarf,Stationery,2,2022-01-02 12:14:13,400,800,36-45,Male,Online Wallet
309,Riley_Davis,Jeans,Electronics,4,2022-08-13 05:50:25,400,1600,46-55,Male,Credit Card
310,Taylor_Davis,Notebook,Electronics,5,2022-06-21 08:54:09,300,1500,36-45,Female,Credit Card
311,Peyton_Wilson,Camera,Accessories,3,2022-04-23 04:50:55,100,300,26-35,Female,Online Wallet
312,Taylor_Rodriguez,Desk Lamp,Accessories,1,2022-11-19 09:02:09,750,750,36-45,Male,Online Wallet
313,Riley_Davis,Jeans,Stationery,3,2022-01-07 21:13:25,750,2250,56+,Male,Credit Card
314,Jamie_Johnson,Jeans,Groceries,4,2022-08-10 13:15:28,800,3200,46-55,Female,Credit Card
315,Quinn_Williams,Backpack,Electronics,4,2022-09-12 02:37:55,150,600,56+,Male,Online Wallet
316,Avery_Rodriguez,Scarf,Stationery,1,2022-02-14 20:10:27,600,600,26-35,Male,Credit Card
317,Morgan_Williams,Backpack,Groceries,5,2022-07-18 14:51:38,500,2500,18-25,Female,Online Wallet
318,Casey_Garcia,Pen,Accessories,5,2022-01-15 13:46:26,550,2750,18-25,Female,Cash
319,Quinn_Miller,Sunglasses,Electronics,3,2022-08-07 06:25:17,100,300,26-35,Female,Credit Card
320,Quinn_Wilson,Smartphone,Electronics,4,2022-06-30 09:36:13,200,800,36-45,Female,Cash
321,Jordan_Davis,Headphones,Clothing,4,2022-12-18 09:50:46,350,1400,26-35,Male,Credit Card
322,Peyton_Garcia,Umbrella,Accessories,3,2022-05-02 12:31:03,150,450,56+,Male,Cash
323,Avery_Wilson,Sunglasses,Electronics,3,2022-12-23 02:55:36,800,2400,36-45,Female,Cash
324,Taylor_Smith,Gloves,Accessories,1,2022-02-15 16:59:20,900,900,18-25,Female,Credit Card
325,Jamie_Jones,Charger,Electronics,1,2022-02-15 12:56:06,250,250,36-45,Male,Credit Card
326,Taylor_Brown,Headphones,Clothing,1,2022-01-13 11:59:51,200,200,36-45,Male,Online Wallet
327,Casey_Johnson,Hat,Electronics,1,2022-08-18 04:05:58,400,400,36-45,Female,Cash
328,Jordan_Williams,Charger,Groceries,4,2022-02-07 22:26:32,200,800,56+,Female,Cash
329,Jamie_Jones,Charger,Accessories,5,2022-04-17 14:21:59,550,2750,46-55,Female,Credit Card
330,Peyton_Miller,Charger,Groceries,4,2022-04-30 10:04:01,700,2800,36-45,Male,Online Wallet
331,Morgan_Brown,Desk Lamp,Groceries,4,2022-07-15 02:59:43,700,2800,18-25,Female,Credit Card
332,Riley_Rodriguez,Scarf,Accessories,5,2022-07-12 11:52:06,300,1500,56+,Male,Cash
333,Alex_Williams,Pen,Accessories,1,2022-04-15 15:11:29,750,750,36-45,Female,Online Wallet
334,Riley_Miller,Jeans,Stationery,4,2022-08-04 21:47:28,700,2800,46-55,Female,Credit Card
335,Jordan_Rodriguez,Sunglasses,Accessories,4,2022-09-18 02:34:02,300,1200,18-25,Female,Credit Card
336,Casey_Brown,Gloves,Stationery,2,2022-04-22 03:29:27,200,400,36-45,Male,Credit Card
337,Jordan_Wilson,T-shirt,Groceries,4,2022-09-11 15:26:37,500,2000,18-25,Male,Credit Card
338,Riley_Davis,Sunglasses,Electronics,4,2022-08-22 00:20:45,650,2600,26-35,Female,Cash
339,Alex_Smith,Water Bottle,Groceries,1,2022-06-08 04:42:04,250,250,36-45,Male,Credit Card
340,Alex_Davis,Sunglasses,Electronics,2,2022-09-08 08:00:43,200,400,18-25,Female,Online Wallet
341,Alex_Rodriguez,Backpack,Stationery,2,2022-04-06 10:44:48,600,1200,26-35,Male,Cash
342,Casey_Miller,Backpack,Groceries,5,2022-07-09 18:27:27,250,1250,46-55,Female,Cash
343,Peyton_Williams,Laptop,Clothing,5,2022-05-15 17:29:47,900,4500,36-45,Female,Cash
344,Peyton_Davis,Gloves,Groceries,1,2022-04-07 23:45:21,750,750,18-25,Male,Cash
345,Peyton_Brown,Scarf,Clothing,3,2022-03-27 21:19:45,200,600,18-25,Male,Credit Card
346,Avery_Davis,Desk Lamp,Accessories,3,2022-12-06 05:43:55,900,2700,36-45,Female,Online Wallet
347,Casey_Williams,Laptop,Groceries,2,2022-04-01 17:08:10,750,1500,18-25,Male,Cash
348,Peyton_Williams,Backpack,Accessories,1,2022-07-10 15:56:42,750,750,46-55,Male,Online Wallet
349,Alex_Miller,Jeans,Stationery,3,2022-03-24 05:31:19,750,2250,46-55,Female,Credit Card
350,Taylor_Smith,Notebook,Electronics,5,2022-11-04 14:25:09,650,3250,18-25,Female,Credit Card
351,Jamie_Jones,Dress,Electronics,3,2022-06-04 19:52:50,800,2400,18-25,Male,Cash
352,Taylor_Wilson,Jeans,Clothing,1,2022-02-14 21:47:18,300,300,26-35,Male,Online Wallet
353,Avery_Williams,Backpack,Electronics,3,2022-04-29 23:02:43,600,1800,18-25,Female,Online Wallet
354,Avery_Smith,Jeans,Clothing,5,2022-03-09 23:44:40,600,3000,18-25,Female,Credit Card
355,Taylor_Wilson,Camera,Electronics,3,2022-05-14 20:37:55,600,1800,46-55,Female,Online Wallet
356,Peyton_Miller,Headphones,Stationery,4,2022-07-31 17:35:25,450,1800,26-35,Female,Online Wallet
357,Morgan_Williams,Dress,Stationery,4,2022-08-24 06:41:22,450,1800,56+,Female,Credit Card
358,Quinn_Brown,Scarf,Stationery,2,2022-07-11 12:59:41,750,1500,18-25,Male,Credit Card
359,Riley_Jones,Gloves,Stationery,1,2022-01-26 15:26:04,350,350,56+,Male,Cash
360,Quinn_Johnson,Dress,Stationery,5,2022-02-03 13:29:53,300,1500,18-25,Female,Credit Card
361,Jordan_Davis,Hat,Groceries,1,2022-09-15 09:27:32,450,450,56+,Female,Credit Card
362,Peyton_Jones,Dress,Groceries,2,2022-08-04 17:32:47,850,1700,46-55,Female,Credit Card
363,Casey_Garcia,Water Bottle,Electronics,2,2022-01-30 02:35:09,1000,2000,18-25,Male,Online Wallet
364,Riley_Johnson,Charger,Groceries,5,2022-10-09 23:40:04,550,2750,26-35,Female,Online Wallet
365,Peyton_Johnson,Charger,Electronics,5,2022-06-08 18:19:52,100,500,36-45,Female,Cash
366,Jamie_Davis,Backpack,Stationery,1,2022-11-22 00:09:50,750,750,18-25,Male,Online Wallet
367,Riley_Jones,Notebook,Groceries,3,2022-08-03 08:36:58,950,2850,26-35,Female,Credit Card
368,Morgan_Miller,Notebook,Electronics,5,2022-04-03 20:45:15,650,3250,26-35,Female,Credit Card
369,Quinn_Garcia,Charger,Accessories,1,2022-01-16 03:16:50,500,500,56+,Male,Credit Card
370,Casey_Miller,Watch,Groceries,3,2022-06-18 17:27:06,300,900,56+,Male,Credit Card
371,Jordan_Smith,Laptop,Clothing,2,2022-11-09 05:07:35,450,900,26-35,Male,Cash
372,Casey_Brown,Hat,Stationery,1,2022-03-10 02:53:04,400,400,46-55,Male,Online Wallet
373,Jamie_Brown,Gloves,Electronics,5,2022-07-20 12:23:49,250,1250,18-25,Male,Credit Card
374,Jordan_Rodriguez,Desk Lamp,Electronics,3,2022-09-23 15:15:27,850,2550,46-55,Male,Credit Card
375,Jamie_Rodriguez,Water Bottle,Clothing,4,2022-10-01 12:58:34,700,2800,18-25,Female,Cash
376,Taylor_Rodriguez,Camera,Clothing,4,2022-08-24 10:03:35,900,3600,36-45,Male,Cash
377,Quinn_Smith,Umbrella,Electronics,3,2022-10-12 07:07:46,850,2550,56+,Female,Online Wallet
378,Riley_Wilson,Camera,Groceries,4,2022-12-26 02:23:20,300,1200,56+,Male,Cash
379,Jamie_Brown,Watch,Stationery,3,2022-05-05 06:33:08,250,750,36-45,Male,Credit Card
380,Peyton_Jones,Dress,Clothing,2,2022-03-03 14:22:53,900,1800,26-35,Female,Credit Card
381,Jordan_Wilson,T-shirt,Clothing,5,2022-03-08 05:23:13,800,4000,56+,Male,Online Wallet
382,Morgan_Miller,Pen,Groceries,5,2022-12-21 19:47:35,650,3250,46-55,Female,Cash
383,Jamie_Williams,Water Bottle,Stationery,3,2022-02-13 15:21:14,650,1950,56+,Male,Online Wallet
384,Riley_Williams,Laptop,Clothing,5,2022-09-03 22:31:50,950,4750,18-25,Male,Cash
385,Alex_Garcia,Pen,Stationery,5,2022-09-03 06:13:58,300,1500,56+,Male,Credit Card
386,Jamie_Miller,Water Bottle,Accessories,4,2022-04-19 00:51:20,400,1600,56+,Female,Cash
387,Quinn_Garcia,Watch,Stationery,4,2022-11-28 00:36:35,350,1400,56+,Male,Online Wallet
388,Avery_Brown,Umbrella,Accessories,3,2022-01-10 15:37:23,600,1800,26-35,Female,Online Wallet
389,Avery_Smith,Water Bottle,Electronics,2,2022-04-05 00:49:25,1000,2000,46-55,Male,Cash
390,Jordan_Williams,Gloves,Clothing,1,2022-09-29 08:58:57,550,550,26-35,Male,Cash
391,Taylor_Jones,Sunglasses,Electronics,4,2022-12-02 22:29:42,1000,4000,56+,Male,Cash
392,Quinn_Davis,Jeans,Clothing,2,2022-11-17 02:42:28,800,1600,26-35,Female,Cash
393,Alex_Smith,Dress,Electronics,4,2022-12-27 19:45:31,300,1200,56+,Male,Credit Card
394,Jamie_Wilson,Scarf,Accessories,1,2022-04-21 18:56:44,750,750,36-45,Female,Cash
395,Jamie_Rodriguez,Headphones,Groceries,4,2022-01-08 01:52:02,150,600,56+,Male,Cash
396,Alex_Johnson,T-shirt,Electronics,1,2022-07-11 03:23:03,150,150,46-55,Male,Credit Card
397,Morgan_Jones,Pen,Groceries,1,2022-03-21 12:04:34,900,900,36-45,Male,Cash
398,Avery_Davis,Notebook,Accessories,5,2022-04-25 19:03:16,800,4000,18-25,Female,Credit Card
399,Casey_Jones,Camera,Stationery,4,2022-11-26 11:52:49,200,800,26-35,Female,Cash
400,Alex_Garcia,Sunglasses,Accessories,2,2022-01-09 06:18:38,150,300,56+,Male,Credit Card
401,Taylor_Brown,Dress,Electronics,4,2022-11-18 12:07:27,500,2000,56+,Male,Cash
402,Jamie_Smith,Scarf,Groceries,4,2022-08-15 17:39:02,250,1000,18-25,Female,Credit Card
403,Avery_Wilson,Umbrella,Stationery,2,2022-09-12 19:39:29,950,1900,26-35,Female,Credit Card
404,Casey_Smith,Dress,Groceries,5,2022-06-12 06:10:24,700,3500,46-55,Female,Online Wallet
405,Taylor_Williams,Desk Lamp,Clothing,2,2022-05-02 21:43:47,500,1000,26-35,Female,Online Wallet
406,Casey_Davis,Backpack,Groceries,1,2022-12-11 01:30:22,550,550,46-55,Female,Credit Card
407,Jordan_Brown,Water Bottle,Accessories,1,2022-02-10 12:53:51,850,850,36-45,Female,Online Wallet
408,Taylor_Garcia,Charger,Stationery,5,2022-10-06 11:25:35,250,1250,26-35,Female,Credit Card
409,Peyton_Williams,Water Bottle,Groceries,2,2022-05-18 06:14:46,600,1200,26-35,Female,Online Wallet
410,Riley_Johnson,Headphones,Groceries,2,2022-07-05 11:40:18,500,1000,36-45,Female,Cash
411,Casey_Davis,Backpack,Electronics,1,2022-05-02 18:35:25,150,150,46-55,Male,Credit Card
412,Quinn_Smith,Dress,Electronics,4,2022-08-20 01:46:29,700,2800,18-25,Male,Credit Card
413,Riley_Miller,Backpack,Accessories,5,2022-03-08 04:19:03,850,4250,56+,Female,Online Wallet
414,Alex_Williams,Camera,Stationery,2,2022-07-05 18:44:53,250,500,56+,Male,Online Wallet
415,Casey_Rodriguez,Umbrella,Groceries,4,2022-05-29 16:27:58,900,3600,26-35,Male,Online Wallet
416,Alex_Garcia,Notebook,Stationery,5,2022-08-19 16:18:24,250,1250,26-35,Male,Credit Card
417,Peyton_Jones,Water Bottle,Accessories,2,2022-06-13 22:32:40,150,300,46-55,Female,Credit Card
418,Jordan_Jones,Watch,Groceries,2,2022-08-08 06:16:51,500,1000,26-35,Male,Online Wallet
419,Alex_Williams,Charger,Accessories,1,2022-08-08 18:07:06,900,900,26-35,Male,Cash
420,Riley_Williams,Gloves,Clothing,4,2022-07-04 11:44:25,100,400,46-55,Female,Online Wallet
421,Riley_Miller,Dress,Clothing,5,2022-07-19 01:44:50,350,1750,46-55,Female,Credit Card
422,Morgan_Garcia,Backpack,Groceries,1,2022-03-23 05:13:30,700,700,26-35,Female,Credit Card
423,Quinn_Rodriguez,Dress,Groceries,5,2022-08-24 11:37:10,800,4000,36-45,Female,Credit Card
424,Taylor_Rodriguez,Dress,Accessories,3,2022-10-22 07:14:13,300,900,36-45,Female,Credit Card
425,Alex_Garcia,Hat,Groceries,5,2022-01-12 22:35:10,150,750,18-25,Male,Cash
426,Jordan_Brown,Laptop,Accessories,4,2022-05-05 16:39:49,700,2800,46-55,Female,Cash
427,Alex_Williams,Water Bottle,Stationery,2,2022-01-14 12:13:32,1000,2000,56+,Male,Online Wallet
428,Quinn_Miller,Charger,Groceries,5,2022-01-21 07:26:15,300,1500,46-55,Female,Online Wallet
429,Jordan_Williams,Jeans,Stationery,2,2022-11-03 22:58:12,900,1800,18-25,Male,Cash
430,Jamie_Rodriguez,Hat,Stationery,5,2022-11-30 06:09:46,600,3000,36-45,Female,Cash
431,Avery_Garcia,Hat,Clothing,2,2022-05-09 20:52:58,150,300,36-45,Male,Cash
432,Avery_Jones,Backpack,Electronics,1,2022-03-10 13:00:12,400,400,18-25,Male,Credit Card
433,Avery_Williams,Watch,Stationery,5,2022-01-17 09:51:09,100,500,18-25,Male,Credit Card
434,Avery_Davis,Jeans,Accessories,5,2022-08-05 16:38:28,550,2750,56+,Male,Online Wallet
435,Quinn_Williams,Water Bottle,Groceries,3,2022-10-28 13:58:21,600,1800,26-35,Male,Credit Card
436,Jamie_Miller,Hat,Stationery,4,2022-12-06 13:32:06,900,3600,26-35,Female,Online Wallet
437,Avery_Davis,Dress,Accessories,4,2022-08-24 12:53:53,500,2000,46-55,Female,Cash
438,Riley_Williams,Water Bottle,Stationery,5,2022-01-18 08:30:10,350,1750,36-45,Male,Cash
439,Peyton_Williams,Headphones,Accessories,1,2022-05-13 16:15:59,250,250,56+,Female,Online Wallet
440,Casey_Johnson,Sunglasses,Groceries,2,2022-10-19 18:04:23,950,1900,36-45,Male,Cash
441,Jamie_Wilson,Headphones,Accessories,2,2022-07-08 21:37:22,200,400,56+,Male,Online Wallet
442,Morgan_Wilson,Pen,Clothing,3,2022-07-17 20:17:18,350,1050,26-35,Female,Credit Card
443,Avery_Rodriguez,Backpack,Accessories,2,2022-02-21 03:25:24,500,1000,26-35,Female,Cash
444,Jordan_Brown,Sneakers,Accessories,4,2022-08-30 08:55:32,200,800,36-45,Female,Cash
445,Quinn_Garcia,Umbrella,Stationery,2,2022-09-13 20:41:36,800,1600,18-25,Female,Credit Card
446,Morgan_Smith,Camera,Stationery,5,2022-04-07 22:14:44,150,750,18-25,Male,Cash
447,Casey_Miller,Umbrella,Accessories,3,2022-03-30 19:49:43,600,1800,56+,Male,Online Wallet
448,Taylor_Wilson,Dress,Accessories,3,2022-05-16 05:44:58,250,750,36-45,Female,Online Wallet
449,Peyton_Johnson,Gloves,Accessories,2,2022-04-08 01:27:39,100,200,26-35,Female,Cash
450,Casey_Brown,Water Bottle,Electronics,4,2022-07-17 22:01:53,500,2000,36-45,Female,Cash
451,Quinn_Brown,Dress,Stationery,2,2022-03-15 19:42:15,750,1500,36-45,Female,Cash
452,Jamie_Jones,Watch,Accessories,1,2022-07-19 09:13:24,700,700,18-25,Female,Online Wallet
453,Peyton_Johnson,Backpack,Clothing,2,2022-12-19 13:44:39,850,1700,36-45,Male,Online Wallet
454,Alex_Rodriguez,Backpack,Accessories,5,2022-01-08 05:58:18,300,1500,26-35,Male,Cash
455,Morgan_Jones,Headphones,Stationery,2,2022-12-07 01:01:43,550,1100,18-25,Female,Credit Card
456,Casey_Smith,Smartphone,Stationery,1,2022-11-29 06:49:16,400,400,46-55,Male,Online Wallet
457,Jordan_Davis,Pen,Groceries,5,2022-12-21 07:22:26,700,3500,18-25,Male,Credit Card
458,Casey_Rodriguez,Gloves,Accessories,1,2022-04-30 13:19:39,950,950,26-35,Male,Cash
459,Riley_Brown,Sunglasses,Accessories,5,2022-08-23 21:51:46,200,1000,18-25,Female,Credit Card
460,Taylor_Jones,Notebook,Stationery,4,2022-01-31 01:46:58,950,3800,36-45,Female,Credit Card
461,Jamie_Johnson,Charger,Groceries,5,2022-07-17 21:32:13,500,2500,18-25,Male,Cash
462,Casey_Smith,Smartphone,Accessories,4,2022-09-16 15:40:08,850,3400,36-45,Female,Credit Card
463,Jordan_Johnson,Backpack,Electronics,4,2022-11-21 10:48:40,650,2600,18-25,Male,Online Wallet
464,Jordan_Brown,Notebook,Electronics,3,2022-11-10 20:51:21,350,1050,56+,Male,Cash
465,Quinn_Jones,Camera,Accessories,4,2022-01-06 09:36:04,950,3800,36-45,Female,Credit Card
466,Casey_Smith,Sunglasses,Electronics,5,2022-02-16 06:27:20,950,4750,18-25,Male,Cash
467,Morgan_Wilson,Desk Lamp,Clothing,3,2022-12-02 18:27:05,350,1050,18-25,Female,Cash
468,Jordan_Brown,Smartphone,Clothing,4,2022-08-19 22:50:49,700,2800,18-25,Female,Online Wallet
469,Avery_Jones,Laptop,Groceries,2,2022-03-25 05:48:12,900,1800,56+,Male,Credit Card
470,Casey_Smith,Smartphone,Clothing,4,2022-01-06 07:46:04,300,1200,46-55,Female,Online Wallet
471,Jamie_Garcia,T-shirt,Accessories,3,2022-07-16 05:15:31,600,1800,18-25,Male,Cash
472,Avery_Jones,Jeans,Groceries,4,2022-01-30 19:33:52,600,2400,56+,Female,Cash
473,Jordan_Jones,T-shirt,Electronics,3,2022-06-04 02:47:35,250,750,36-45,Female,Credit Card
474,Jordan_Brown,Desk Lamp,Accessories,2,2022-02-01 18:48:57,300,600,56+,Male,Cash
475,Morgan_Jones,Hat,Groceries,2,2022-08-19 03:03:35,1000,2000,26-35,Female,Cash
476,Alex_Garcia,Desk Lamp,Stationery,2,2022-07-02 04:42:54,900,1800,18-25,Female,Cash
477,Taylor_Rodriguez,Umbrella,Groceries,5,2022-06-07 00:13:49,750,3750,46-55,Female,Credit Card
478,Peyton_Wilson,Sunglasses,Groceries,3,2022-06-17 08:49:16,1000,3000,18-25,Female,Cash
479,Riley_Davis,Desk Lamp,Groceries,5,2022-09-03 20:43:02,600,3000,56+,Female,Credit Card
480,Jamie_Brown,Hat,Electronics,5,2022-02-10 06:02:46,800,4000,36-45,Male,Cash
481,Alex_Garcia,Sneakers,Clothing,3,2022-12-12 15:57:49,100,300,18-25,Male,Online Wallet
482,Morgan_Jones,Sneakers,Accessories,1,2022-08-28 19:06:56,600,600,18-25,Male,Credit Card
483,Jordan_Brown,Notebook,Clothing,2,2022-01-28 21:51:23,100,200,36-45,Male,Cash
484,Jordan_Johnson,Pen,Groceries,5,2022-05-08 15:14:11,300,1500,26-35,Female,Online Wallet
485,Alex_Jones,Umbrella,Groceries,3,2022-10-20 16:01:14,1000,3000,36-45,Male,Cash
486,Quinn_Garcia,Camera,Groceries,4,2022-04-13 07:45:24,550,2200,36-45,Male,Cash
487,Jamie_Davis,Scarf,Stationery,5,2022-12-14 03:05:13,650,3250,18-25,Female,Online Wallet
488,Quinn_Rodriguez,Watch,Clothing,4,2022-02-15 10:44:24,450,1800,18-25,Female,Cash
489,Avery_Davis,Pen,Accessories,1,2022-04-12 17:54:12,800,800,56+,Female,Cash
490,Avery_Jones,Water Bottle,Groceries,3,2022-07-23 18:35:00,650,1950,36-45,Male,Credit Card
491,Casey_Rodriguez,Camera,Accessories,5,2022-08-15 00:41:01,900,4500,46-55,Male,Credit Card
492,Morgan_Davis,Dress,Clothing,3,2022-10-30 03:38:41,1000,3000,36-45,Male,Cash
493,Jamie_Johnson,Scarf,Groceries,1,2022-01-25 20:00:28,150,150,26-35,Female,Credit Card
494,Jamie_Wilson,Desk Lamp,Clothing,1,2022-05-05 01:47:59,550,550,46-55,Male,Credit Card
495,Avery_Smith,Headphones,Clothing,1,2022-03-16 12:51:31,450,450,36-45,Male,Online Wallet
496,Casey_Miller,Backpack,Electronics,5,2022-01-14 11:22:54,700,3500,56+,Male,Cash
497,Taylor_Johnson,Gloves,Electronics,4,2022-11-08 06:14:01,350,1400,56+,Male,Cash
498,Alex_Williams,Scarf,Groceries,1,2022-10-15 18:50:14,900,900,26-35,Female,Online Wallet
499,Jamie_Jones,Desk Lamp,Electronics,3,2022-12-22 16:04:30,500,1500,56+,Female,Cash
500,Jordan_Rodriguez,Camera,Accessories,5,2022-07-17 03:59:01,900,4500,36-45,Female,Cash